Workbook
Name CAUSA_1: #REF!

Sheet NO TOCAR
A1: v6 | C1: ESTADISTICAS DEL CURSO
A2: Nº | B2: D.I. | C2: NOMBRE DE LOS ESTUDIANTES | D2: CORTE 1 | E2: CORTE 2 | F2: CORTE 3 | G2: AUTO | H2: COE | I2: FINAL
A3: 1 | B3: ='CORTE I '!C12 -> 0 | C3: =IF('CORTE I '!D12>0,'CORTE I '!D12,"") | D3: =+'CORTE I '!AH12 | E3: =+'CORTE II'!AG12 | F3: =+'CORTE III'!AG12 | G3: =+'CORTE III'!AL12 -> 4 | H3: =+'CORTE III'!AM12 -> 5 | I3: =+'CORTE III'!AO12 -> 0 | J3: =IF(C3="",0,1) -> 0
A4: 2 | B4: ='CORTE I '!C13 -> 0 | C4: =IF('CORTE I '!D13>0,'CORTE I '!D13,"") | D4: =+'CORTE I '!AH13 | E4: =+'CORTE II'!AG13 | F4: =+'CORTE III'!AG13 | G4: =+'CORTE III'!AL13 -> 0 | H4: =+'CORTE III'!AM13 -> 0 | I4: =+'CORTE III'!AO13 -> 0 | J4: =IF(C4="",0,1) -> 0
A5: 3 | B5: ='CORTE I '!C14 -> 0 | C5: =IF('CORTE I '!D14>0,'CORTE I '!D14,"") | D5: =+'CORTE I '!AH14 | E5: =+'CORTE II'!AG14 | F5: ='CORTE III'!AG14 | G5: =+'CORTE III'!AL14 -> 0 | H5: =+'CORTE III'!AM14 -> 0 | I5: =+'CORTE III'!AO14 -> 0 | J5: =IF(C5="",0,1) -> 0
A6: 4 | B6: ='CORTE I '!C15 -> 0 | C6: =IF('CORTE I '!D15>0,'CORTE I '!D15,"") | D6: =+'CORTE I '!AH15 | E6: =+'CORTE II'!AG15 | F6: ='CORTE III'!AG15 | G6: =+'CORTE III'!AL15 -> 0 | H6: =+'CORTE III'!AM15 -> 0 | I6: =+'CORTE III'!AO15 -> 0 | J6: =IF(C6="",0,1) -> 0
A7: 5 | B7: ='CORTE I '!C16 -> 0 | C7: =IF('CORTE I '!D16>0,'CORTE I '!D16,"") | D7: =+'CORTE I '!AH16 | E7: =+'CORTE II'!AG16 | F7: =+'CORTE III'!AG16 | G7: =+'CORTE III'!AL16 -> 0 | H7: =+'CORTE III'!AM16 -> 0 | I7: =+'CORTE III'!AO16 -> 0 | J7: =IF(C7="",0,1) -> 0 | L7: INDICADORES
A8: 6 | B8: ='CORTE I '!C17 -> 0 | C8: =IF('CORTE I '!D17>0,'CORTE I '!D17,"") | D8: =+'CORTE I '!AH17 | E8: =+'CORTE II'!AG17 | F8: =+'CORTE III'!AG17 | G8: =+'CORTE III'!AL17 -> 0 | H8: =+'CORTE III'!AM17 -> 0 | I8: =+'CORTE III'!AO17 -> 0 | J8: =IF(C8="",0,1) -> 0 | M8: Corte 1 | N8: Corte 2 | O8: Corte 3 | P8: Auto | Q8: Coe | R8: Definitiva
A9: 7 | B9: ='CORTE I '!C18 -> 0 | C9: =IF('CORTE I '!D18>0,'CORTE I '!D18,"") | D9: =+'CORTE I '!AH18 | E9: =+'CORTE II'!AG18 | F9: =+'CORTE III'!AG18 | G9: =+'CORTE III'!AL18 -> 0 | H9: =+'CORTE III'!AM18 -> 0 | I9: =+'CORTE III'!AO18 -> 0 | J9: =IF(C9="",0,1) -> 0 | L9: Índice de Aprobados | M9: =IF(ISERROR(COUNTIF(D3:D55,">=2,999")/$C$56),"",COUNTIF(D3:D55,">=2,999")/$C$56) | N9: =IF(ISERROR(COUNTIF(E3:E55,">=2,999")/$C$56),"",COUNTIF(E3:E55,">=2,999")/$C$56) | O9: =IF(ISERROR(COUNTIF(F3:F55,">=2,999")/$C$56),"",COUNTIF(F3:F55,">=2,999")/$C$56) | P9: =IF(ISERROR(COUNTIF(G3:G55,">=2,999")/$C$56),"",COUNTIF(G3:G55,">=2,999")/$C$56) | Q9: =IF(ISERROR(COUNTIF(H3:H55,">=2,999")/$C$56),"",COUNTIF(H3:H55,">=2,999")/$C$56) | R9: =IF(ISERROR(COUNTIF(I3:I55,">=2,999")/$C$56),"",COUNTIF(I3:I55,">=2,999")/$C$56)
A10: 8 | B10: ='CORTE I '!C19 -> 0 | C10: =IF('CORTE I '!D19>0,'CORTE I '!D19,"") | D10: =+'CORTE I '!AH19 | E10: =+'CORTE II'!AG19 | F10: =+'CORTE III'!AG19 | G10: =+'CORTE III'!AL19 -> 0 | H10: =+'CORTE III'!AM19 -> 0 | I10: =+'CORTE III'!AO19 -> 0 | J10: =IF(C10="",0,1) -> 0 | L10: Puntaje máximo | M10: =MAX(D3:D55) -> 0 | N10: =MAX(E3:E55) -> 0 | O10: =MAX(F3:F55) -> 0 | P10: =MAX(G3:G55) -> 4 | Q10: =MAX(H3:H55) -> 5 | R10: =MAX(I3:I55) -> 0
A11: 9 | B11: ='CORTE I '!C20 -> 0 | C11: =IF('CORTE I '!D20>0,'CORTE I '!D20,"") | D11: =+'CORTE I '!AH20 | E11: =+'CORTE II'!AG20 | F11: =+'CORTE III'!AG20 | G11: =+'CORTE III'!AL20 -> 0 | H11: =+'CORTE III'!AM20 -> 0 | I11: =+'CORTE III'!AO20 -> 0 | J11: =IF(C11="",0,1) -> 0 | L11: Puntaje mínimo | M11: =MIN(D3:D55) -> 0 | N11: =MIN(E3:E55) -> 0 | O11: =MIN(F3:F55) -> 0 | P11: =MIN(G3:G55) -> 0 | Q11: =MIN(H3:H55) -> 0 | R11: =MIN(I3:I55) -> 0
A12: 10 | B12: ='CORTE I '!C21 -> 0 | C12: =IF('CORTE I '!D21>0,'CORTE I '!D21,"") | D12: =+'CORTE I '!AH21 | E12: =+'CORTE II'!AG21 | F12: =+'CORTE III'!AG21 | G12: =+'CORTE III'!AL21 -> 0 | H12: =+'CORTE III'!AM21 -> 0 | I12: =+'CORTE III'!AO21 -> 0 | J12: =IF(C12="",0,1) -> 0 | L12: Promedio | M12: =IF(ISERROR(AVERAGE(D3:D55)),"",AVERAGE(D3:D55)) | N12: =IF(ISERROR(AVERAGE(E3:E55)),"",AVERAGE(E3:E55)) | O12: =IF(ISERROR(AVERAGE(F3:F55)),"",AVERAGE(F3:F55)) | P12: =IF(ISERROR(AVERAGE(G3:G55)),"",AVERAGE(G3:G55)) -> 0.075471698 | Q12: =IF(ISERROR(AVERAGE(H3:H55)),"",AVERAGE(H3:H55)) -> 0.094339623 | R12: =IF(ISERROR(AVERAGE(I3:I55)),"",AVERAGE(I3:I55)) -> 0
A13: 11 | B13: ='CORTE I '!C22 -> 0 | C13: =IF('CORTE I '!D22>0,'CORTE I '!D22,"") | D13: =+'CORTE I '!AH22 | E13: =+'CORTE II'!AG22 | F13: =+'CORTE III'!AG22 | G13: =+'CORTE III'!AL22 -> 0 | H13: =+'CORTE III'!AM22 -> 0 | I13: =+'CORTE III'!AO22 -> 0 | J13: =IF(C13="",0,1) -> 0 | L13: Entre 0 y 1,99 | M13: =COUNTIF(D$3:D$55,">=0,01")-COUNTIF(D$3:D$55,">1,999") -> 0 | N13: =COUNTIF(E$3:E$55,">=0,01")-COUNTIF(E$3:E$55,">1,999") -> 0 | O13: =COUNTIF(F$3:F$55,">=0,01")-COUNTIF(F$3:F$55,">1,999") -> 0 | P13: =COUNTIF(G$3:G$55,">=0,01")-COUNTIF(G$3:G$55,">1,999") -> 0 | Q13: =COUNTIF(H$3:H$55,">=0,01")-COUNTIF(H$3:H$55,">1,999") -> 0 | R13: =COUNTIF(I$3:I$55,">=0,01")-COUNTIF(I$3:I$55,">1,999") -> 0
A14: 12 | B14: ='CORTE I '!C23 -> 0 | C14: =IF('CORTE I '!D23>0,'CORTE I '!D23,"") | D14: =+'CORTE I '!AH23 | E14: =+'CORTE II'!AG23 | F14: =+'CORTE III'!AG23 | G14: =+'CORTE III'!AL23 -> 0 | H14: =+'CORTE III'!AM23 -> 0 | I14: =+'CORTE III'!AO23 -> 0 | J14: =IF(C14="",0,1) -> 0 | L14: Entre 2 y 2,99 | M14: =COUNTIF(D$3:D$55,">=2")-COUNTIF(D$3:D$55,">=2,999") -> 0 | N14: =COUNTIF(E$3:E$55,">=2")-COUNTIF(E$3:E$55,">=2,999") -> 0 | O14: =COUNTIF(F$3:F$55,">=2")-COUNTIF(F$3:F$55,">=2,999") -> 0 | P14: =COUNTIF(G$3:G$55,">=2")-COUNTIF(G$3:G$55,">=2,999") -> 1 | Q14: =COUNTIF(H$3:H$55,">=2")-COUNTIF(H$3:H$55,">=2,999") -> 1 | R14: =COUNTIF(I$3:I$55,">=2")-COUNTIF(I$3:I$55,">=2,999") -> 0
A15: 13 | B15: ='CORTE I '!C24 -> 0 | C15: =IF('CORTE I '!D24>0,'CORTE I '!D24,"") | D15: =+'CORTE I '!AH24 | E15: =+'CORTE II'!AG24 | F15: =+'CORTE III'!AG24 | G15: =+'CORTE III'!AL24 -> 0 | H15: =+'CORTE III'!AM24 -> 0 | I15: =+'CORTE III'!AO24 -> 0 | J15: =IF(C15="",0,1) -> 0 | L15: Entre 3 y 3,99 | M15: =COUNTIF(D$3:D$55,">=3")-COUNTIF(D$3:D$55,">3,999") -> 0 | N15: =COUNTIF(E$3:E$55,">=3")-COUNTIF(E$3:E$55,">3,999") -> 0 | O15: =COUNTIF(F$3:F$55,">=3")-COUNTIF(F$3:F$55,">3,999") -> 0 | P15: =COUNTIF(G$3:G$55,">=3")-COUNTIF(G$3:G$55,">3,999") -> 1 | Q15: =COUNTIF(H$3:H$55,">=3")-COUNTIF(H$3:H$55,">3,999") -> 1 | R15: =COUNTIF(I$3:I$55,">=3")-COUNTIF(I$3:I$55,">3,999") -> 0
A16: 14 | B16: ='CORTE I '!C25 -> 0 | C16: =IF('CORTE I '!D25>0,'CORTE I '!D25,"") | D16: =+'CORTE I '!AH25 | E16: =+'CORTE II'!AG25 | F16: =+'CORTE III'!AG25 | G16: =+'CORTE III'!AL25 -> 0 | H16: =+'CORTE III'!AM25 -> 0 | I16: =+'CORTE III'!AO25 -> 0 | J16: =IF(C16="",0,1) -> 0 | L16: Igual o Superior a 4 | M16: =COUNTIF(D$3:D$55,">=4") -> 0 | N16: =COUNTIF(E$3:E$55,">=4") -> 0 | O16: =COUNTIF(F$3:F$55,">=4") -> 0 | P16: =COUNTIF(G$3:G$55,">=4") -> 1 | Q16: =COUNTIF(H$3:H$55,">=4") -> 1 | R16: =COUNTIF(I$3:I$55,">=4") -> 0
A17: 15 | B17: ='CORTE I '!C26 -> 0 | C17: =IF('CORTE I '!D26>0,'CORTE I '!D26,"") | D17: =+'CORTE I '!AH26 | E17: =+'CORTE II'!AG26 | F17: =+'CORTE III'!AG26 | G17: =+'CORTE III'!AL26 -> 0 | H17: =+'CORTE III'!AM26 -> 0 | I17: =+'CORTE III'!AO26 -> 0 | J17: =IF(C17="",0,1) -> 0
A18: 16 | B18: ='CORTE I '!C27 -> 0 | C18: =IF('CORTE I '!D27>0,'CORTE I '!D27,"") | D18: =+'CORTE I '!AH27 | E18: =+'CORTE II'!AG27 | F18: =+'CORTE III'!AG27 | G18: =+'CORTE III'!AL27 -> 0 | H18: =+'CORTE III'!AM27 -> 0 | I18: =+'CORTE III'!AO27 -> 0 | J18: =IF(C18="",0,1) -> 0
A19: 17 | B19: ='CORTE I '!C28 -> 0 | C19: =IF('CORTE I '!D28>0,'CORTE I '!D28,"") | D19: =+'CORTE I '!AH28 | E19: =+'CORTE II'!AG28 | F19: =+'CORTE III'!AG28 | G19: =+'CORTE III'!AL28 -> 0 | H19: =+'CORTE III'!AM28 -> 0 | I19: =+'CORTE III'!AO28 -> 0 | J19: =IF(C19="",0,1) -> 0
A20: 18 | B20: ='CORTE I '!C29 -> 0 | C20: =IF('CORTE I '!D29>0,'CORTE I '!D29,"") | D20: =+'CORTE I '!AH29 | E20: =+'CORTE II'!AG29 | F20: =+'CORTE III'!AG29 | G20: =+'CORTE III'!AL29 -> 0 | H20: =+'CORTE III'!AM29 -> 0 | I20: =+'CORTE III'!AO29 -> 0 | J20: =IF(C20="",0,1) -> 0
A21: 19 | B21: ='CORTE I '!C30 -> 0 | C21: =IF('CORTE I '!D30>0,'CORTE I '!D30,"") | D21: =+'CORTE I '!AH30 | E21: =+'CORTE II'!AG30 | F21: =+'CORTE III'!AG30 | G21: =+'CORTE III'!AL30 -> 0 | H21: =+'CORTE III'!AM30 -> 0 | I21: =+'CORTE III'!AO30 -> 0 | J21: =IF(C21="",0,1) -> 0
A22: 20 | B22: ='CORTE I '!C31 -> 0 | C22: =IF('CORTE I '!D31>0,'CORTE I '!D31,"") | D22: =+'CORTE I '!AH31 | E22: =+'CORTE II'!AG31 | F22: =+'CORTE III'!AG31 | G22: =+'CORTE III'!AL31 -> 0 | H22: =+'CORTE III'!AM31 -> 0 | I22: =+'CORTE III'!AO31 -> 0 | J22: =IF(C22="",0,1) -> 0
A23: 21 | B23: ='CORTE I '!C32 -> 0 | C23: =IF('CORTE I '!D32>0,'CORTE I '!D32,"") | D23: =+'CORTE I '!AH32 | E23: =+'CORTE II'!AG32 | F23: =+'CORTE III'!AG32 | G23: =+'CORTE III'!AL32 -> 0 | H23: =+'CORTE III'!AM32 -> 0 | I23: =+'CORTE III'!AO32 -> 0 | J23: =IF(C23="",0,1) -> 0
A24: 22 | B24: ='CORTE I '!C33 -> 0 | C24: =IF('CORTE I '!D33>0,'CORTE I '!D33,"") | D24: =+'CORTE I '!AH33 | E24: =+'CORTE II'!AG33 | F24: =+'CORTE III'!AG33 | G24: =+'CORTE III'!AL33 -> 0 | H24: =+'CORTE III'!AM33 -> 0 | I24: =+'CORTE III'!AO33 -> 0 | J24: =IF(C24="",0,1) -> 0
A25: 23 | B25: ='CORTE I '!C34 -> 0 | C25: =IF('CORTE I '!D34>0,'CORTE I '!D34,"") | D25: =+'CORTE I '!AH34 | E25: =+'CORTE II'!AG34 | F25: =+'CORTE III'!AG34 | G25: =+'CORTE III'!AL34 -> 0 | H25: =+'CORTE III'!AM34 -> 0 | I25: =+'CORTE III'!AO34 -> 0 | J25: =IF(C25="",0,1) -> 0
A26: 24 | B26: ='CORTE I '!C35 -> 0 | C26: =IF('CORTE I '!D35>0,'CORTE I '!D35,"") | D26: =+'CORTE I '!AH35 | E26: =+'CORTE II'!AG35 | F26: =+'CORTE III'!AG35 | G26: =+'CORTE III'!AL35 -> 0 | H26: =+'CORTE III'!AM35 -> 0 | I26: =+'CORTE III'!AO35 -> 0 | J26: =IF(C26="",0,1) -> 0
A27: 25 | B27: ='CORTE I '!C36 -> 0 | C27: =IF('CORTE I '!D36>0,'CORTE I '!D36,"") | D27: =+'CORTE I '!AH36 | E27: =+'CORTE II'!AG36 | F27: =+'CORTE III'!AG36 | G27: =+'CORTE III'!AL36 -> 0 | H27: =+'CORTE III'!AM36 -> 0 | I27: =+'CORTE III'!AO36 -> 0 | J27: =IF(C27="",0,1) -> 0
A28: 26 | B28: ='CORTE I '!C37 -> 0 | C28: =IF('CORTE I '!D37>0,'CORTE I '!D37,"") | D28: =+'CORTE I '!AH37 | E28: =+'CORTE II'!AG37 | F28: =+'CORTE III'!AG37 | G28: =+'CORTE III'!AL37 -> 0 | H28: =+'CORTE III'!AM37 -> 0 | I28: =+'CORTE III'!AO37 -> 0 | J28: =IF(C28="",0,1) -> 0
... A55: 53 | B55: ='CORTE I '!C64 -> 0 | C55: =IF('CORTE I '!D64>0,'CORTE I '!D64,"") | D55: =+'CORTE I '!AH64 | E55: =+'CORTE II'!AG64 | F55: =+'CORTE III'!AG64 | G55: =+'CORTE III'!AL64 -> 0 | H55: =+'CORTE III'!AM64 -> 0 | I55: =+'CORTE III'!AO64 -> 0 | J55: =IF(C55="",0,1) -> 0
C56: =SUM(J3:J55) -> 0

Sheet CORTE I 
A1: PORCENTAJES POR CORTE | F1: Laboratorios (L) | Y1: 0
F2: Quiz (Q) | Y2: 0 | AB2: CORTE 1
A3: CORTE 1 | C3: 0.24 | D3: =+C3 -> 0.24 | F3: Talleres (T) | Y3: 0.6
A4: CORTE 2 | C4: 0.24 | F4: Exposición (EX) | Y4: 0.1 | AB4: 0.24
A5: CORTE 3 | C5: 0.32 | F5: Pis (Pi) | Y5: 0
A6: AUTOEVA | C6: 0.1 | F6: Salidas Pedagógicas (SP) | Y6: 0
A7: COEVA | C7: 0.1 | F7: Parciales (P) | Y7: 0.3
C8: =SUM(C3:C7) -> 1 | Y8: =SUM(Y1:Y7) -> 1
F10: PRIMER CORTE | AA10: RESUMEN C1 | AK10: POSIBLES CAUSAS
A11: N° | B11: código | C11: D. I. | D11: NOMBRES Y APELLIDOS COMPLETOS | E11: Repitente | F11: L1 | G11: L2 | H11: L3 | I11: Q1 | J11: Q2 | K11: Q3 | L11: T1 | M11: T2 | N11: T3 | O11: EX1 | P11: EX2 | Q11: EX3 | R11: Pi1 | S11: Pi2 | T11: Pi3 | U11: SP1 | V11: SP2 | W11: SP3 | X11: P1 | Y11: P2 | AA11: LAB | AB11: Q | AC11: T | AD11: EX | AE11: Pi | AF11: SP | AG11: PAR | AH11: FINAL C1 | AI11: FIRMA DEL ESTUDIANTE | AK11: CAUSA 1 | AL11: CAUSA 2 | AM11: CAUSA 3 | AN11: OBSERVACIONES | AQ11: RECOMENDACIÓN
A12: 1 | AA12: =IF(D12>0,IF(ISERROR(AVERAGE(F12:H12)),0,AVERAGE(F12:H12)),"") | AB12: =IF(D12>0,IF(ISERROR(AVERAGE(I12:K12)),0,AVERAGE(I12:K12)),"") | AC12: =IF(D12>0,IF(ISERROR(AVERAGE(L12:N12)),0,AVERAGE(L12:N12)),"") | AD12: =IF(D12>0,IF(ISERROR(AVERAGE(O12:Q12)),0,AVERAGE(O12:Q12)),"") | AE12: =IF(D12>0,IF(ISERROR(AVERAGE(R12:T12)),0,AVERAGE(R12:T12)),"") | AF12: =IF(D12>0,IF(ISERROR(AVERAGE(U12:W12)),0,AVERAGE(U12:W12)),"") | AG12: =IF(D12>0,IF(ISERROR(AVERAGE(X12:Y12)),0,AVERAGE(X12:Y12)),"") | AH12: =IF(D12>0,AA12*$Y$1+AB12*$Y$2+AC12*$Y$3+AD12*$Y$4+AE12*$Y$5+AF12*$Y$6+AG12*$Y$7,"")
A13: 2 | AA13: =IF(D13>0,IF(ISERROR(AVERAGE(F13:H13)),0,AVERAGE(F13:H13)),"") | AB13: =IF(D13>0,IF(ISERROR(AVERAGE(I13:K13)),0,AVERAGE(I13:K13)),"") | AC13: =IF(D13>0,IF(ISERROR(AVERAGE(L13:N13)),0,AVERAGE(L13:N13)),"") | AD13: =IF(D13>0,IF(ISERROR(AVERAGE(O13:Q13)),0,AVERAGE(O13:Q13)),"") | AE13: =IF(D13>0,IF(ISERROR(AVERAGE(R13:T13)),0,AVERAGE(R13:T13)),"") | AF13: =IF(D13>0,IF(ISERROR(AVERAGE(U13:W13)),0,AVERAGE(U13:W13)),"") | AG13: =IF(D13>0,IF(ISERROR(AVERAGE(X13:Y13)),0,AVERAGE(X13:Y13)),"") | AH13: =IF(D13>0,AA13*$Y$1+AB13*$Y$2+AC13*$Y$3+AD13*$Y$4+AE13*$Y$5+AF13*$Y$6+AG13*$Y$7,"")
A14: 3 | AA14: =IF(D14>0,IF(ISERROR(AVERAGE(F14:H14)),0,AVERAGE(F14:H14)),"") | AB14: =IF(D14>0,IF(ISERROR(AVERAGE(I14:K14)),0,AVERAGE(I14:K14)),"") | AC14: =IF(D14>0,IF(ISERROR(AVERAGE(L14:N14)),0,AVERAGE(L14:N14)),"") | AD14: =IF(D14>0,IF(ISERROR(AVERAGE(O14:Q14)),0,AVERAGE(O14:Q14)),"") | AE14: =IF(D14>0,IF(ISERROR(AVERAGE(R14:T14)),0,AVERAGE(R14:T14)),"") | AF14: =IF(D14>0,IF(ISERROR(AVERAGE(U14:W14)),0,AVERAGE(U14:W14)),"") | AG14: =IF(D14>0,IF(ISERROR(AVERAGE(X14:Y14)),0,AVERAGE(X14:Y14)),"") | AH14: =IF(D14>0,AA14*$Y$1+AB14*$Y$2+AC14*$Y$3+AD14*$Y$4+AE14*$Y$5+AF14*$Y$6+AG14*$Y$7,"")
A15: 4 | AA15: =IF(D15>0,IF(ISERROR(AVERAGE(F15:H15)),0,AVERAGE(F15:H15)),"") | AB15: =IF(D15>0,IF(ISERROR(AVERAGE(I15:K15)),0,AVERAGE(I15:K15)),"") | AC15: =IF(D15>0,IF(ISERROR(AVERAGE(L15:N15)),0,AVERAGE(L15:N15)),"") | AD15: =IF(D15>0,IF(ISERROR(AVERAGE(O15:Q15)),0,AVERAGE(O15:Q15)),"") | AE15: =IF(D15>0,IF(ISERROR(AVERAGE(R15:T15)),0,AVERAGE(R15:T15)),"") | AF15: =IF(D15>0,IF(ISERROR(AVERAGE(U15:W15)),0,AVERAGE(U15:W15)),"") | AG15: =IF(D15>0,IF(ISERROR(AVERAGE(X15:Y15)),0,AVERAGE(X15:Y15)),"") | AH15: =IF(D15>0,AA15*$Y$1+AB15*$Y$2+AC15*$Y$3+AD15*$Y$4+AE15*$Y$5+AF15*$Y$6+AG15*$Y$7,"")
A16: 5 | AA16: =IF(D16>0,IF(ISERROR(AVERAGE(F16:H16)),0,AVERAGE(F16:H16)),"") | AB16: =IF(D16>0,IF(ISERROR(AVERAGE(I16:K16)),0,AVERAGE(I16:K16)),"") | AC16: =IF(D16>0,IF(ISERROR(AVERAGE(L16:N16)),0,AVERAGE(L16:N16)),"") | AD16: =IF(D16>0,IF(ISERROR(AVERAGE(O16:Q16)),0,AVERAGE(O16:Q16)),"") | AE16: =IF(D16>0,IF(ISERROR(AVERAGE(R16:T16)),0,AVERAGE(R16:T16)),"") | AF16: =IF(D16>0,IF(ISERROR(AVERAGE(U16:W16)),0,AVERAGE(U16:W16)),"") | AG16: =IF(D16>0,IF(ISERROR(AVERAGE(X16:Y16)),0,AVERAGE(X16:Y16)),"") | AH16: =IF(D16>0,AA16*$Y$1+AB16*$Y$2+AC16*$Y$3+AD16*$Y$4+AE16*$Y$5+AF16*$Y$6+AG16*$Y$7,"")
A17: 6 | AA17: =IF(D17>0,IF(ISERROR(AVERAGE(F17:H17)),0,AVERAGE(F17:H17)),"") | AB17: =IF(D17>0,IF(ISERROR(AVERAGE(I17:K17)),0,AVERAGE(I17:K17)),"") | AC17: =IF(D17>0,IF(ISERROR(AVERAGE(L17:N17)),0,AVERAGE(L17:N17)),"") | AD17: =IF(D17>0,IF(ISERROR(AVERAGE(O17:Q17)),0,AVERAGE(O17:Q17)),"") | AE17: =IF(D17>0,IF(ISERROR(AVERAGE(R17:T17)),0,AVERAGE(R17:T17)),"") | AF17: =IF(D17>0,IF(ISERROR(AVERAGE(U17:W17)),0,AVERAGE(U17:W17)),"") | AG17: =IF(D17>0,IF(ISERROR(AVERAGE(X17:Y17)),0,AVERAGE(X17:Y17)),"") | AH17: =IF(D17>0,AA17*$Y$1+AB17*$Y$2+AC17*$Y$3+AD17*$Y$4+AE17*$Y$5+AF17*$Y$6+AG17*$Y$7,"")
A18: 7 | AA18: =IF(D18>0,IF(ISERROR(AVERAGE(F18:H18)),0,AVERAGE(F18:H18)),"") | AB18: =IF(D18>0,IF(ISERROR(AVERAGE(I18:K18)),0,AVERAGE(I18:K18)),"") | AC18: =IF(D18>0,IF(ISERROR(AVERAGE(L18:N18)),0,AVERAGE(L18:N18)),"") | AD18: =IF(D18>0,IF(ISERROR(AVERAGE(O18:Q18)),0,AVERAGE(O18:Q18)),"") | AE18: =IF(D18>0,IF(ISERROR(AVERAGE(R18:T18)),0,AVERAGE(R18:T18)),"") | AF18: =IF(D18>0,IF(ISERROR(AVERAGE(U18:W18)),0,AVERAGE(U18:W18)),"") | AG18: =IF(D18>0,IF(ISERROR(AVERAGE(X18:Y18)),0,AVERAGE(X18:Y18)),"") | AH18: =IF(D18>0,AA18*$Y$1+AB18*$Y$2+AC18*$Y$3+AD18*$Y$4+AE18*$Y$5+AF18*$Y$6+AG18*$Y$7,"")
A19: 8 | AA19: =IF(D19>0,IF(ISERROR(AVERAGE(F19:H19)),0,AVERAGE(F19:H19)),"") | AB19: =IF(D19>0,IF(ISERROR(AVERAGE(I19:K19)),0,AVERAGE(I19:K19)),"") | AC19: =IF(D19>0,IF(ISERROR(AVERAGE(L19:N19)),0,AVERAGE(L19:N19)),"") | AD19: =IF(D19>0,IF(ISERROR(AVERAGE(O19:Q19)),0,AVERAGE(O19:Q19)),"") | AE19: =IF(D19>0,IF(ISERROR(AVERAGE(R19:T19)),0,AVERAGE(R19:T19)),"") | AF19: =IF(D19>0,IF(ISERROR(AVERAGE(U19:W19)),0,AVERAGE(U19:W19)),"") | AG19: =IF(D19>0,IF(ISERROR(AVERAGE(X19:Y19)),0,AVERAGE(X19:Y19)),"") | AH19: =IF(D19>0,AA19*$Y$1+AB19*$Y$2+AC19*$Y$3+AD19*$Y$4+AE19*$Y$5+AF19*$Y$6+AG19*$Y$7,"")
A20: 9 | AA20: =IF(D20>0,IF(ISERROR(AVERAGE(F20:H20)),0,AVERAGE(F20:H20)),"") | AB20: =IF(D20>0,IF(ISERROR(AVERAGE(I20:K20)),0,AVERAGE(I20:K20)),"") | AC20: =IF(D20>0,IF(ISERROR(AVERAGE(L20:N20)),0,AVERAGE(L20:N20)),"") | AD20: =IF(D20>0,IF(ISERROR(AVERAGE(O20:Q20)),0,AVERAGE(O20:Q20)),"") | AE20: =IF(D20>0,IF(ISERROR(AVERAGE(R20:T20)),0,AVERAGE(R20:T20)),"") | AF20: =IF(D20>0,IF(ISERROR(AVERAGE(U20:W20)),0,AVERAGE(U20:W20)),"") | AG20: =IF(D20>0,IF(ISERROR(AVERAGE(X20:Y20)),0,AVERAGE(X20:Y20)),"") | AH20: =IF(D20>0,AA20*$Y$1+AB20*$Y$2+AC20*$Y$3+AD20*$Y$4+AE20*$Y$5+AF20*$Y$6+AG20*$Y$7,"")
A21: 10 | AA21: =IF(D21>0,IF(ISERROR(AVERAGE(F21:H21)),0,AVERAGE(F21:H21)),"") | AB21: =IF(D21>0,IF(ISERROR(AVERAGE(I21:K21)),0,AVERAGE(I21:K21)),"") | AC21: =IF(D21>0,IF(ISERROR(AVERAGE(L21:N21)),0,AVERAGE(L21:N21)),"") | AD21: =IF(D21>0,IF(ISERROR(AVERAGE(O21:Q21)),0,AVERAGE(O21:Q21)),"") | AE21: =IF(D21>0,IF(ISERROR(AVERAGE(R21:T21)),0,AVERAGE(R21:T21)),"") | AF21: =IF(D21>0,IF(ISERROR(AVERAGE(U21:W21)),0,AVERAGE(U21:W21)),"") | AG21: =IF(D21>0,IF(ISERROR(AVERAGE(X21:Y21)),0,AVERAGE(X21:Y21)),"") | AH21: =IF(D21>0,AA21*$Y$1+AB21*$Y$2+AC21*$Y$3+AD21*$Y$4+AE21*$Y$5+AF21*$Y$6+AG21*$Y$7,"")
A22: 11 | AA22: =IF(D22>0,IF(ISERROR(AVERAGE(F22:H22)),0,AVERAGE(F22:H22)),"") | AB22: =IF(D22>0,IF(ISERROR(AVERAGE(I22:K22)),0,AVERAGE(I22:K22)),"") | AC22: =IF(D22>0,IF(ISERROR(AVERAGE(L22:N22)),0,AVERAGE(L22:N22)),"") | AD22: =IF(D22>0,IF(ISERROR(AVERAGE(O22:Q22)),0,AVERAGE(O22:Q22)),"") | AE22: =IF(D22>0,IF(ISERROR(AVERAGE(R22:T22)),0,AVERAGE(R22:T22)),"") | AF22: =IF(D22>0,IF(ISERROR(AVERAGE(U22:W22)),0,AVERAGE(U22:W22)),"") | AG22: =IF(D22>0,IF(ISERROR(AVERAGE(X22:Y22)),0,AVERAGE(X22:Y22)),"") | AH22: =IF(D22>0,AA22*$Y$1+AB22*$Y$2+AC22*$Y$3+AD22*$Y$4+AE22*$Y$5+AF22*$Y$6+AG22*$Y$7,"")
A23: 12 | AA23: =IF(D23>0,IF(ISERROR(AVERAGE(F23:H23)),0,AVERAGE(F23:H23)),"") | AB23: =IF(D23>0,IF(ISERROR(AVERAGE(I23:K23)),0,AVERAGE(I23:K23)),"") | AC23: =IF(D23>0,IF(ISERROR(AVERAGE(L23:N23)),0,AVERAGE(L23:N23)),"") | AD23: =IF(D23>0,IF(ISERROR(AVERAGE(O23:Q23)),0,AVERAGE(O23:Q23)),"") | AE23: =IF(D23>0,IF(ISERROR(AVERAGE(R23:T23)),0,AVERAGE(R23:T23)),"") | AF23: =IF(D23>0,IF(ISERROR(AVERAGE(U23:W23)),0,AVERAGE(U23:W23)),"") | AG23: =IF(D23>0,IF(ISERROR(AVERAGE(X23:Y23)),0,AVERAGE(X23:Y23)),"") | AH23: =IF(D23>0,AA23*$Y$1+AB23*$Y$2+AC23*$Y$3+AD23*$Y$4+AE23*$Y$5+AF23*$Y$6+AG23*$Y$7,"")
... A64: 53 | AA64: =IF(D64>0,IF(ISERROR(AVERAGE(F64:H64)),0,AVERAGE(F64:H64)),"") | AB64: =IF(D64>0,IF(ISERROR(AVERAGE(I64:K64)),0,AVERAGE(I64:K64)),"") | AC64: =IF(D64>0,IF(ISERROR(AVERAGE(L64:N64)),0,AVERAGE(L64:N64)),"") | AD64: =IF(D64>0,IF(ISERROR(AVERAGE(O64:Q64)),0,AVERAGE(O64:Q64)),"") | AE64: =IF(D64>0,IF(ISERROR(AVERAGE(R64:T64)),0,AVERAGE(R64:T64)),"") | AF64: =IF(D64>0,IF(ISERROR(AVERAGE(U64:W64)),0,AVERAGE(U64:W64)),"") | AG64: =IF(D64>0,IF(ISERROR(AVERAGE(X64:Y64)),0,AVERAGE(X64:Y64)),"") | AH64: =IF(D64>0,AA64*$Y$1+AB64*$Y$2+AC64*$Y$3+AD64*$Y$4+AE64*$Y$5+AF64*$Y$6+AG64*$Y$7,"")

Sheet CORTE II
A1: CORTE 2 | E1: Laboratorios (L) | X1: 0
E2: Quiz (Q) | X2: 0
A3: 0.24 | E3: Talleres (T) | X3: 0.6
E4: Exposición (EX) | X4: 0.1
E5: Pis (Pi) | X5: 0
E6: Salidas Pedagógicas (SP) | X6: 0
E7: Parciales (P) | X7: 0.3 | AG7: =X1+X2+X3+X4+X5+X6+X7 -> 1
X8: =SUM(X1:Y7) -> 1
E10: SEGUNDO CORTE | Z10: RESUMEN C2 | AJ10: POSIBLES CAUSAS
A11: N° | B11: código | C11: D. I. | D11: NOMBRES Y APELLIDOS COMPLETOS | E11: L1 | F11: L2 | G11: L3 | H11: Q1 | I11: Q2 | J11: Q3 | K11: T1 | L11: T2 | M11: T3 | N11: E1 | O11: E2 | P11: E3 | Q11: Pi1 | R11: Pi2 | S11: Pi3 | T11: SP1 | U11: SP2 | V11: SP3 | W11: P1 | X11: P2 | Z11: LAB | AA11: Q | AB11: T | AC11: EX | AD11: Pi | AE11: SP | AF11: PAR | AG11: FINAL C2 | AH11: FIRMA ESTUDIANTE | AJ11: CAUSA 1 | AK11: CAUSA 2 | AL11: CAUSA 3 | AM11: OBSERVACIONES | AP11: RECOMENDACIÓN
A12: 1 | B12: =+'CORTE I '!B12 -> 0 | C12: =+'CORTE I '!C12 -> 0 | D12: =+'CORTE I '!D12 -> 0 | Z12: =IF(D12>0,IF(ISERROR(AVERAGE(E12:G12)),0,AVERAGE(E12:G12)),"") | AA12: =IF(D12>0,IF(ISERROR(AVERAGE(H12:J12)),0,AVERAGE(H12:J12)),"") | AB12: =IF(D12>0,IF(ISERROR(AVERAGE(K12:M12)),0,AVERAGE(K12:M12)),"") | AC12: =IF(D12>0,IF(ISERROR(AVERAGE(N12:P12)),0,AVERAGE(N12:P12)),"") | AD12: =IF(D12>0,IF(ISERROR(AVERAGE(Q12:S12)),0,AVERAGE(Q12:S12)),"") | AE12: =IF(D12>0,IF(ISERROR(AVERAGE(T12:V12)),0,AVERAGE(T12:V12)),"") | AF12: =IF(D12>0,IF(ISERROR(AVERAGE(W12:X12)),0,AVERAGE(W12:X12)),"") | AG12: =IF(D12>0,Z12*$X$1+AA12*$X$2+AB12*$X$3+AC12*$X$4+AD12*$X$5+AE12*$X$6+AF12*$X$7,"")
A13: 2 | B13: =+'CORTE I '!B13 -> 0 | C13: =+'CORTE I '!C13 -> 0 | D13: =+'CORTE I '!D13 -> 0 | Z13: =IF(D13>0,IF(ISERROR(AVERAGE(E13:G13)),0,AVERAGE(E13:G13)),"") | AA13: =IF(D13>0,IF(ISERROR(AVERAGE(H13:J13)),0,AVERAGE(H13:J13)),"") | AB13: =IF(D13>0,IF(ISERROR(AVERAGE(K13:M13)),0,AVERAGE(K13:M13)),"") | AC13: =IF(D13>0,IF(ISERROR(AVERAGE(N13:P13)),0,AVERAGE(N13:P13)),"") | AD13: =IF(D13>0,IF(ISERROR(AVERAGE(Q13:S13)),0,AVERAGE(Q13:S13)),"") | AE13: =IF(D13>0,IF(ISERROR(AVERAGE(T13:V13)),0,AVERAGE(T13:V13)),"") | AF13: =IF(D13>0,IF(ISERROR(AVERAGE(W13:X13)),0,AVERAGE(W13:X13)),"") | AG13: =IF(D13>0,Z13*$X$1+AA13*$X$2+AB13*$X$3+AC13*$X$4+AD13*$X$5+AE13*$X$6+AF13*$X$7,"")
A14: 3 | B14: =+'CORTE I '!B14 -> 0 | C14: =+'CORTE I '!C14 -> 0 | D14: =+'CORTE I '!D14 -> 0 | Z14: =IF(D14>0,IF(ISERROR(AVERAGE(E14:G14)),0,AVERAGE(E14:G14)),"") | AA14: =IF(D14>0,IF(ISERROR(AVERAGE(H14:J14)),0,AVERAGE(H14:J14)),"") | AB14: =IF(D14>0,IF(ISERROR(AVERAGE(K14:M14)),0,AVERAGE(K14:M14)),"") | AC14: =IF(D14>0,IF(ISERROR(AVERAGE(N14:P14)),0,AVERAGE(N14:P14)),"") | AD14: =IF(D14>0,IF(ISERROR(AVERAGE(Q14:S14)),0,AVERAGE(Q14:S14)),"") | AE14: =IF(D14>0,IF(ISERROR(AVERAGE(T14:V14)),0,AVERAGE(T14:V14)),"") | AF14: =IF(D14>0,IF(ISERROR(AVERAGE(W14:X14)),0,AVERAGE(W14:X14)),"") | AG14: =IF(D14>0,Z14*$X$1+AA14*$X$2+AB14*$X$3+AC14*$X$4+AD14*$X$5+AE14*$X$6+AF14*$X$7,"")
A15: 4 | B15: =+'CORTE I '!B15 -> 0 | C15: =+'CORTE I '!C15 -> 0 | D15: =+'CORTE I '!D15 -> 0 | Z15: =IF(D15>0,IF(ISERROR(AVERAGE(E15:G15)),0,AVERAGE(E15:G15)),"") | AA15: =IF(D15>0,IF(ISERROR(AVERAGE(H15:J15)),0,AVERAGE(H15:J15)),"") | AB15: =IF(D15>0,IF(ISERROR(AVERAGE(K15:M15)),0,AVERAGE(K15:M15)),"") | AC15: =IF(D15>0,IF(ISERROR(AVERAGE(N15:P15)),0,AVERAGE(N15:P15)),"") | AD15: =IF(D15>0,IF(ISERROR(AVERAGE(Q15:S15)),0,AVERAGE(Q15:S15)),"") | AE15: =IF(D15>0,IF(ISERROR(AVERAGE(T15:V15)),0,AVERAGE(T15:V15)),"") | AF15: =IF(D15>0,IF(ISERROR(AVERAGE(W15:X15)),0,AVERAGE(W15:X15)),"") | AG15: =IF(D15>0,Z15*$X$1+AA15*$X$2+AB15*$X$3+AC15*$X$4+AD15*$X$5+AE15*$X$6+AF15*$X$7,"")
A16: 5 | B16: =+'CORTE I '!B16 -> 0 | C16: =+'CORTE I '!C16 -> 0 | D16: =+'CORTE I '!D16 -> 0 | Z16: =IF(D16>0,IF(ISERROR(AVERAGE(E16:G16)),0,AVERAGE(E16:G16)),"") | AA16: =IF(D16>0,IF(ISERROR(AVERAGE(H16:J16)),0,AVERAGE(H16:J16)),"") | AB16: =IF(D16>0,IF(ISERROR(AVERAGE(K16:M16)),0,AVERAGE(K16:M16)),"") | AC16: =IF(D16>0,IF(ISERROR(AVERAGE(N16:P16)),0,AVERAGE(N16:P16)),"") | AD16: =IF(D16>0,IF(ISERROR(AVERAGE(Q16:S16)),0,AVERAGE(Q16:S16)),"") | AE16: =IF(D16>0,IF(ISERROR(AVERAGE(T16:V16)),0,AVERAGE(T16:V16)),"") | AF16: =IF(D16>0,IF(ISERROR(AVERAGE(W16:X16)),0,AVERAGE(W16:X16)),"") | AG16: =IF(D16>0,Z16*$X$1+AA16*$X$2+AB16*$X$3+AC16*$X$4+AD16*$X$5+AE16*$X$6+AF16*$X$7,"")
A17: 6 | B17: =+'CORTE I '!B17 -> 0 | C17: =+'CORTE I '!C17 -> 0 | D17: =+'CORTE I '!D17 -> 0 | Z17: =IF(D17>0,IF(ISERROR(AVERAGE(E17:G17)),0,AVERAGE(E17:G17)),"") | AA17: =IF(D17>0,IF(ISERROR(AVERAGE(H17:J17)),0,AVERAGE(H17:J17)),"") | AB17: =IF(D17>0,IF(ISERROR(AVERAGE(K17:M17)),0,AVERAGE(K17:M17)),"") | AC17: =IF(D17>0,IF(ISERROR(AVERAGE(N17:P17)),0,AVERAGE(N17:P17)),"") | AD17: =IF(D17>0,IF(ISERROR(AVERAGE(Q17:S17)),0,AVERAGE(Q17:S17)),"") | AE17: =IF(D17>0,IF(ISERROR(AVERAGE(T17:V17)),0,AVERAGE(T17:V17)),"") | AF17: =IF(D17>0,IF(ISERROR(AVERAGE(W17:X17)),0,AVERAGE(W17:X17)),"") | AG17: =IF(D17>0,Z17*$X$1+AA17*$X$2+AB17*$X$3+AC17*$X$4+AD17*$X$5+AE17*$X$6+AF17*$X$7,"")
A18: 7 | B18: =+'CORTE I '!B18 -> 0 | C18: =+'CORTE I '!C18 -> 0 | D18: =+'CORTE I '!D18 -> 0 | Z18: =IF(D18>0,IF(ISERROR(AVERAGE(E18:G18)),0,AVERAGE(E18:G18)),"") | AA18: =IF(D18>0,IF(ISERROR(AVERAGE(H18:J18)),0,AVERAGE(H18:J18)),"") | AB18: =IF(D18>0,IF(ISERROR(AVERAGE(K18:M18)),0,AVERAGE(K18:M18)),"") | AC18: =IF(D18>0,IF(ISERROR(AVERAGE(N18:P18)),0,AVERAGE(N18:P18)),"") | AD18: =IF(D18>0,IF(ISERROR(AVERAGE(Q18:S18)),0,AVERAGE(Q18:S18)),"") | AE18: =IF(D18>0,IF(ISERROR(AVERAGE(T18:V18)),0,AVERAGE(T18:V18)),"") | AF18: =IF(D18>0,IF(ISERROR(AVERAGE(W18:X18)),0,AVERAGE(W18:X18)),"") | AG18: =IF(D18>0,Z18*$X$1+AA18*$X$2+AB18*$X$3+AC18*$X$4+AD18*$X$5+AE18*$X$6+AF18*$X$7,"")
A19: 8 | B19: =+'CORTE I '!B19 -> 0 | C19: =+'CORTE I '!C19 -> 0 | D19: =+'CORTE I '!D19 -> 0 | Z19: =IF(D19>0,IF(ISERROR(AVERAGE(E19:G19)),0,AVERAGE(E19:G19)),"") | AA19: =IF(D19>0,IF(ISERROR(AVERAGE(H19:J19)),0,AVERAGE(H19:J19)),"") | AB19: =IF(D19>0,IF(ISERROR(AVERAGE(K19:M19)),0,AVERAGE(K19:M19)),"") | AC19: =IF(D19>0,IF(ISERROR(AVERAGE(N19:P19)),0,AVERAGE(N19:P19)),"") | AD19: =IF(D19>0,IF(ISERROR(AVERAGE(Q19:S19)),0,AVERAGE(Q19:S19)),"") | AE19: =IF(D19>0,IF(ISERROR(AVERAGE(T19:V19)),0,AVERAGE(T19:V19)),"") | AF19: =IF(D19>0,IF(ISERROR(AVERAGE(W19:X19)),0,AVERAGE(W19:X19)),"") | AG19: =IF(D19>0,Z19*$X$1+AA19*$X$2+AB19*$X$3+AC19*$X$4+AD19*$X$5+AE19*$X$6+AF19*$X$7,"")
A20: 9 | B20: =+'CORTE I '!B20 -> 0 | C20: =+'CORTE I '!C20 -> 0 | D20: =+'CORTE I '!D20 -> 0 | Z20: =IF(D20>0,IF(ISERROR(AVERAGE(E20:G20)),0,AVERAGE(E20:G20)),"") | AA20: =IF(D20>0,IF(ISERROR(AVERAGE(H20:J20)),0,AVERAGE(H20:J20)),"") | AB20: =IF(D20>0,IF(ISERROR(AVERAGE(K20:M20)),0,AVERAGE(K20:M20)),"") | AC20: =IF(D20>0,IF(ISERROR(AVERAGE(N20:P20)),0,AVERAGE(N20:P20)),"") | AD20: =IF(D20>0,IF(ISERROR(AVERAGE(Q20:S20)),0,AVERAGE(Q20:S20)),"") | AE20: =IF(D20>0,IF(ISERROR(AVERAGE(T20:V20)),0,AVERAGE(T20:V20)),"") | AF20: =IF(D20>0,IF(ISERROR(AVERAGE(W20:X20)),0,AVERAGE(W20:X20)),"") | AG20: =IF(D20>0,Z20*$X$1+AA20*$X$2+AB20*$X$3+AC20*$X$4+AD20*$X$5+AE20*$X$6+AF20*$X$7,"")
A21: 10 | B21: =+'CORTE I '!B21 -> 0 | C21: =+'CORTE I '!C21 -> 0 | D21: =+'CORTE I '!D21 -> 0 | Z21: =IF(D21>0,IF(ISERROR(AVERAGE(E21:G21)),0,AVERAGE(E21:G21)),"") | AA21: =IF(D21>0,IF(ISERROR(AVERAGE(H21:J21)),0,AVERAGE(H21:J21)),"") | AB21: =IF(D21>0,IF(ISERROR(AVERAGE(K21:M21)),0,AVERAGE(K21:M21)),"") | AC21: =IF(D21>0,IF(ISERROR(AVERAGE(N21:P21)),0,AVERAGE(N21:P21)),"") | AD21: =IF(D21>0,IF(ISERROR(AVERAGE(Q21:S21)),0,AVERAGE(Q21:S21)),"") | AE21: =IF(D21>0,IF(ISERROR(AVERAGE(T21:V21)),0,AVERAGE(T21:V21)),"") | AF21: =IF(D21>0,IF(ISERROR(AVERAGE(W21:X21)),0,AVERAGE(W21:X21)),"") | AG21: =IF(D21>0,Z21*$X$1+AA21*$X$2+AB21*$X$3+AC21*$X$4+AD21*$X$5+AE21*$X$6+AF21*$X$7,"")
A22: 11 | B22: =+'CORTE I '!B22 -> 0 | C22: =+'CORTE I '!C22 -> 0 | D22: =+'CORTE I '!D22 -> 0 | Z22: =IF(D22>0,IF(ISERROR(AVERAGE(E22:G22)),0,AVERAGE(E22:G22)),"") | AA22: =IF(D22>0,IF(ISERROR(AVERAGE(H22:J22)),0,AVERAGE(H22:J22)),"") | AB22: =IF(D22>0,IF(ISERROR(AVERAGE(K22:M22)),0,AVERAGE(K22:M22)),"") | AC22: =IF(D22>0,IF(ISERROR(AVERAGE(N22:P22)),0,AVERAGE(N22:P22)),"") | AD22: =IF(D22>0,IF(ISERROR(AVERAGE(Q22:S22)),0,AVERAGE(Q22:S22)),"") | AE22: =IF(D22>0,IF(ISERROR(AVERAGE(T22:V22)),0,AVERAGE(T22:V22)),"") | AF22: =IF(D22>0,IF(ISERROR(AVERAGE(W22:X22)),0,AVERAGE(W22:X22)),"") | AG22: =IF(D22>0,Z22*$X$1+AA22*$X$2+AB22*$X$3+AC22*$X$4+AD22*$X$5+AE22*$X$6+AF22*$X$7,"")
A23: 12 | B23: =+'CORTE I '!B23 -> 0 | C23: =+'CORTE I '!C23 -> 0 | D23: =+'CORTE I '!D23 -> 0 | Z23: =IF(D23>0,IF(ISERROR(AVERAGE(E23:G23)),0,AVERAGE(E23:G23)),"") | AA23: =IF(D23>0,IF(ISERROR(AVERAGE(H23:J23)),0,AVERAGE(H23:J23)),"") | AB23: =IF(D23>0,IF(ISERROR(AVERAGE(K23:M23)),0,AVERAGE(K23:M23)),"") | AC23: =IF(D23>0,IF(ISERROR(AVERAGE(N23:P23)),0,AVERAGE(N23:P23)),"") | AD23: =IF(D23>0,IF(ISERROR(AVERAGE(Q23:S23)),0,AVERAGE(Q23:S23)),"") | AE23: =IF(D23>0,IF(ISERROR(AVERAGE(T23:V23)),0,AVERAGE(T23:V23)),"") | AF23: =IF(D23>0,IF(ISERROR(AVERAGE(W23:X23)),0,AVERAGE(W23:X23)),"") | AG23: =IF(D23>0,Z23*$X$1+AA23*$X$2+AB23*$X$3+AC23*$X$4+AD23*$X$5+AE23*$X$6+AF23*$X$7,"")
... A64: 53 | B64: =+'CORTE I '!B64 -> 0 | C64: =+'CORTE I '!C64 -> 0 | D64: =+'CORTE I '!D64 -> 0 | Z64: =IF(D64>0,IF(ISERROR(AVERAGE(E64:G64)),0,AVERAGE(E64:G64)),"") | AA64: =IF(D64>0,IF(ISERROR(AVERAGE(H64:J64)),0,AVERAGE(H64:J64)),"") | AB64: =IF(D64>0,IF(ISERROR(AVERAGE(K64:M64)),0,AVERAGE(K64:M64)),"") | AC64: =IF(D64>0,IF(ISERROR(AVERAGE(N64:P64)),0,AVERAGE(N64:P64)),"") | AD64: =IF(D64>0,IF(ISERROR(AVERAGE(Q64:S64)),0,AVERAGE(Q64:S64)),"") | AE64: =IF(D64>0,IF(ISERROR(AVERAGE(T64:V64)),0,AVERAGE(T64:V64)),"") | AF64: =IF(D64>0,IF(ISERROR(AVERAGE(W64:X64)),0,AVERAGE(W64:X64)),"") | AG64: =IF(D64>0,Z64*$X$1+AA64*$X$2+AB64*$X$3+AC64*$X$4+AD64*$X$5+AE64*$X$6+AF64*$X$7,"")
AG65: =Z65*$X$1+AA65*X52+AB65*X53+AC65*X54+AD65*X55+AE65*X56+AF65*X57 -> 0

Sheet CORTE III
A1: CORTE 3 | E1: Laboratorios (L) | X1: 0
E2: Quiz (Q) | X2: 0
A3: 0.32 | E3: Talleres (T) | X3: 0.6 | AI3: Resumen Final de las Notas
E4: Exposición (EX) | X4: 0.1
E5: Pis (Pi) | X5: 0
E6: Salidas Pedagógicas (SP) | X6: 0
E7: Parciales (P) | X7: 0.3
X8: =SUM(X1:X7) -> 1
E10: TERCER CORTE | Z10: RESUMEN C3 | AI10: RESUMEN FINAL DE NOTAS | AR10: POSIBLES CAUSAS
A11: N° | B11: código | C11: D. I. | D11: NOMBRES Y APELLIDOS COMPLETOS | E11: L1 | F11: L2 | G11: L3 | H11: Q1 | I11: Q2 | J11: Q3 | K11: T1 | L11: T2 | M11: T3 | N11: E1 | O11: E2 | P11: E3 | Q11: Pi1 | R11: Pi2 | S11: Pi3 | T11: SP1 | U11: SP2 | V11: SP3 | W11: P1 | X11: P2 | Z11: LAB | AA11: Q | AB11: T | AC11: EX | AD11: Pi | AE11: SP | AF11: PAR | AG11: FINAL C3 | AI11: CORTE 1 | AJ11: CORTE 2 | AK11: CORTE 3 | AL11: AUTO 10% | AM11: COE 10% | AO11: NOTA DEFINITIVA | AP11: FIRMA ESTUDIANTE | AR11: CAUSA 1 | AS11: CAUSA 2 | AT11: CAUSA 3 | AU11: OBSERVACIONES | AX11: RECOMENDACIÓN
A12: 1 | B12: ='CORTE I '!B12 -> 0 | C12: ='CORTE I '!C12 -> 0 | D12: =+'CORTE I '!D12 -> 0 | Z12: =IF(D12>0,IF(ISERROR(AVERAGE(E12:G12)),0,AVERAGE(E12:G12)),"") | AA12: =IF(D12>0,IF(ISERROR(AVERAGE(H12:J12)),0,AVERAGE(H12:J12)),"") | AB12: =IF(D12>0,IF(ISERROR(AVERAGE(K12:M12)),0,AVERAGE(K12:M12)),"") | AC12: =IF(D12>0,IF(ISERROR(AVERAGE(N12:P12)),0,AVERAGE(N12:P12)),"") | AD12: =IF(D12>0,IF(ISERROR(AVERAGE(Q12:S12)),0,AVERAGE(Q12:S12)),"") | AE12: =IF(D12>0,IF(ISERROR(AVERAGE(T12:V12)),0,AVERAGE(T12:V12)),"") | AF12: =IF(D12>0,IF(ISERROR(AVERAGE(W12:X12)),0,AVERAGE(W12:X12)),"") | AG12: =IF(D12>0,Z12*$X$1+AA12*$X$2+AB12*$X$3+AC12*$X$4+AD12*$X$5+AE12*$X$6+AF12*$X$7,"") | AI12: =+'CORTE I '!AH12 | AJ12: ='CORTE II'!AG12 | AK12: =+'CORTE III'!AG12 | AL12: 4 | AM12: 5 | AO12: =IF('CORTE I '!D12>0,'CORTE I '!$C$3*AI12+'CORTE I '!$C$4*'CORTE III'!AJ12+'CORTE I '!$C$5*'CORTE III'!AK12+'CORTE I '!$C$6*'CORTE III'!AL12+'CORTE I '!$C$7*'CORTE III'!AM12,0) -> 0
A13: 2 | B13: ='CORTE I '!B13 -> 0 | C13: ='CORTE I '!C13 -> 0 | D13: =+'CORTE I '!D13 -> 0 | Z13: =IF(D13>0,IF(ISERROR(AVERAGE(E13:G13)),0,AVERAGE(E13:G13)),"") | AA13: =IF(D13>0,IF(ISERROR(AVERAGE(H13:J13)),0,AVERAGE(H13:J13)),"") | AB13: =IF(D13>0,IF(ISERROR(AVERAGE(K13:M13)),0,AVERAGE(K13:M13)),"") | AC13: =IF(D13>0,IF(ISERROR(AVERAGE(N13:P13)),0,AVERAGE(N13:P13)),"") | AD13: =IF(D13>0,IF(ISERROR(AVERAGE(Q13:S13)),0,AVERAGE(Q13:S13)),"") | AE13: =IF(D13>0,IF(ISERROR(AVERAGE(T13:V13)),0,AVERAGE(T13:V13)),"") | AF13: =IF(D13>0,IF(ISERROR(AVERAGE(W13:X13)),0,AVERAGE(W13:X13)),"") | AG13: =IF(D13>0,Z13*$X$1+AA13*$X$2+AB13*$X$3+AC13*$X$4+AD13*$X$5+AE13*$X$6+AF13*$X$7,"") | AI13: =+'CORTE I '!AH13 | AJ13: =+'CORTE II'!AG13 | AK13: =+'CORTE III'!AG13 | AO13: =IF('CORTE I '!D13>0,'CORTE I '!$C$3*AI13+'CORTE I '!$C$4*'CORTE III'!AJ13+'CORTE I '!$C$5*'CORTE III'!AK13+'CORTE I '!$C$6*'CORTE III'!AL13+'CORTE I '!$C$7*'CORTE III'!AM13,0) -> 0
A14: 3 | B14: ='CORTE I '!B14 -> 0 | C14: ='CORTE I '!C14 -> 0 | D14: =+'CORTE I '!D14 -> 0 | Z14: =IF(D14>0,IF(ISERROR(AVERAGE(E14:G14)),0,AVERAGE(E14:G14)),"") | AA14: =IF(D14>0,IF(ISERROR(AVERAGE(H14:J14)),0,AVERAGE(H14:J14)),"") | AB14: =IF(D14>0,IF(ISERROR(AVERAGE(K14:M14)),0,AVERAGE(K14:M14)),"") | AC14: =IF(D14>0,IF(ISERROR(AVERAGE(N14:P14)),0,AVERAGE(N14:P14)),"") | AD14: =IF(D14>0,IF(ISERROR(AVERAGE(Q14:S14)),0,AVERAGE(Q14:S14)),"") | AE14: =IF(D14>0,IF(ISERROR(AVERAGE(T14:V14)),0,AVERAGE(T14:V14)),"") | AF14: =IF(D14>0,IF(ISERROR(AVERAGE(W14:X14)),0,AVERAGE(W14:X14)),"") | AG14: =IF(D14>0,Z14*$X$1+AA14*$X$2+AB14*$X$3+AC14*$X$4+AD14*$X$5+AE14*$X$6+AF14*$X$7,"") | AI14: =+'CORTE I '!AH14 | AJ14: =+'CORTE II'!AG14 | AK14: =+'CORTE III'!AG14 | AO14: =IF('CORTE I '!D14>0,'CORTE I '!$C$3*AI14+'CORTE I '!$C$4*'CORTE III'!AJ14+'CORTE I '!$C$5*'CORTE III'!AK14+'CORTE I '!$C$6*'CORTE III'!AL14+'CORTE I '!$C$7*'CORTE III'!AM14,0) -> 0
A15: 4 | B15: ='CORTE I '!B15 -> 0 | C15: ='CORTE I '!C15 -> 0 | D15: =+'CORTE I '!D15 -> 0 | Z15: =IF(D15>0,IF(ISERROR(AVERAGE(E15:G15)),0,AVERAGE(E15:G15)),"") | AA15: =IF(D15>0,IF(ISERROR(AVERAGE(H15:J15)),0,AVERAGE(H15:J15)),"") | AB15: =IF(D15>0,IF(ISERROR(AVERAGE(K15:M15)),0,AVERAGE(K15:M15)),"") | AC15: =IF(D15>0,IF(ISERROR(AVERAGE(N15:P15)),0,AVERAGE(N15:P15)),"") | AD15: =IF(D15>0,IF(ISERROR(AVERAGE(Q15:S15)),0,AVERAGE(Q15:S15)),"") | AE15: =IF(D15>0,IF(ISERROR(AVERAGE(T15:V15)),0,AVERAGE(T15:V15)),"") | AF15: =IF(D15>0,IF(ISERROR(AVERAGE(W15:X15)),0,AVERAGE(W15:X15)),"") | AG15: =IF(D15>0,Z15*$X$1+AA15*$X$2+AB15*$X$3+AC15*$X$4+AD15*$X$5+AE15*$X$6+AF15*$X$7,"") | AI15: =+'CORTE I '!AH15 | AJ15: =+'CORTE II'!AG15 | AK15: =+'CORTE III'!AG15 | AO15: =IF('CORTE I '!D15>0,'CORTE I '!$C$3*AI15+'CORTE I '!$C$4*'CORTE III'!AJ15+'CORTE I '!$C$5*'CORTE III'!AK15+'CORTE I '!$C$6*'CORTE III'!AL15+'CORTE I '!$C$7*'CORTE III'!AM15,0) -> 0
A16: 5 | B16: ='CORTE I '!B16 -> 0 | C16: ='CORTE I '!C16 -> 0 | D16: =+'CORTE I '!D16 -> 0 | Z16: =IF(D16>0,IF(ISERROR(AVERAGE(E16:G16)),0,AVERAGE(E16:G16)),"") | AA16: =IF(D16>0,IF(ISERROR(AVERAGE(H16:J16)),0,AVERAGE(H16:J16)),"") | AB16: =IF(D16>0,IF(ISERROR(AVERAGE(K16:M16)),0,AVERAGE(K16:M16)),"") | AC16: =IF(D16>0,IF(ISERROR(AVERAGE(N16:P16)),0,AVERAGE(N16:P16)),"") | AD16: =IF(D16>0,IF(ISERROR(AVERAGE(Q16:S16)),0,AVERAGE(Q16:S16)),"") | AE16: =IF(D16>0,IF(ISERROR(AVERAGE(T16:V16)),0,AVERAGE(T16:V16)),"") | AF16: =IF(D16>0,IF(ISERROR(AVERAGE(W16:X16)),0,AVERAGE(W16:X16)),"") | AG16: =IF(D16>0,Z16*$X$1+AA16*$X$2+AB16*$X$3+AC16*$X$4+AD16*$X$5+AE16*$X$6+AF16*$X$7,"") | AI16: =+'CORTE I '!AH16 | AJ16: =+'CORTE II'!AG16 | AK16: =+'CORTE III'!AG16 | AO16: =IF('CORTE I '!D16>0,'CORTE I '!$C$3*AI16+'CORTE I '!$C$4*'CORTE III'!AJ16+'CORTE I '!$C$5*'CORTE III'!AK16+'CORTE I '!$C$6*'CORTE III'!AL16+'CORTE I '!$C$7*'CORTE III'!AM16,0) -> 0
A17: 6 | B17: ='CORTE I '!B17 -> 0 | C17: ='CORTE I '!C17 -> 0 | D17: =+'CORTE I '!D17 -> 0 | Z17: =IF(D17>0,IF(ISERROR(AVERAGE(E17:G17)),0,AVERAGE(E17:G17)),"") | AA17: =IF(D17>0,IF(ISERROR(AVERAGE(H17:J17)),0,AVERAGE(H17:J17)),"") | AB17: =IF(D17>0,IF(ISERROR(AVERAGE(K17:M17)),0,AVERAGE(K17:M17)),"") | AC17: =IF(D17>0,IF(ISERROR(AVERAGE(N17:P17)),0,AVERAGE(N17:P17)),"") | AD17: =IF(D17>0,IF(ISERROR(AVERAGE(Q17:S17)),0,AVERAGE(Q17:S17)),"") | AE17: =IF(D17>0,IF(ISERROR(AVERAGE(T17:V17)),0,AVERAGE(T17:V17)),"") | AF17: =IF(D17>0,IF(ISERROR(AVERAGE(W17:X17)),0,AVERAGE(W17:X17)),"") | AG17: =IF(D17>0,Z17*$X$1+AA17*$X$2+AB17*$X$3+AC17*$X$4+AD17*$X$5+AE17*$X$6+AF17*$X$7,"") | AI17: =+'CORTE I '!AH17 | AJ17: =+'CORTE II'!AG17 | AK17: =+'CORTE III'!AG17 | AO17: =IF('CORTE I '!D17>0,'CORTE I '!$C$3*AI17+'CORTE I '!$C$4*'CORTE III'!AJ17+'CORTE I '!$C$5*'CORTE III'!AK17+'CORTE I '!$C$6*'CORTE III'!AL17+'CORTE I '!$C$7*'CORTE III'!AM17,0) -> 0
A18: 7 | B18: ='CORTE I '!B18 -> 0 | C18: ='CORTE I '!C18 -> 0 | D18: =+'CORTE I '!D18 -> 0 | Z18: =IF(D18>0,IF(ISERROR(AVERAGE(E18:G18)),0,AVERAGE(E18:G18)),"") | AA18: =IF(D18>0,IF(ISERROR(AVERAGE(H18:J18)),0,AVERAGE(H18:J18)),"") | AB18: =IF(D18>0,IF(ISERROR(AVERAGE(K18:M18)),0,AVERAGE(K18:M18)),"") | AC18: =IF(D18>0,IF(ISERROR(AVERAGE(N18:P18)),0,AVERAGE(N18:P18)),"") | AD18: =IF(D18>0,IF(ISERROR(AVERAGE(Q18:S18)),0,AVERAGE(Q18:S18)),"") | AE18: =IF(D18>0,IF(ISERROR(AVERAGE(T18:V18)),0,AVERAGE(T18:V18)),"") | AF18: =IF(D18>0,IF(ISERROR(AVERAGE(W18:X18)),0,AVERAGE(W18:X18)),"") | AG18: =IF(D18>0,Z18*$X$1+AA18*$X$2+AB18*$X$3+AC18*$X$4+AD18*$X$5+AE18*$X$6+AF18*$X$7,"") | AI18: =+'CORTE I '!AH18 | AJ18: =+'CORTE II'!AG18 | AK18: =+'CORTE III'!AG18 | AO18: =IF('CORTE I '!D18>0,'CORTE I '!$C$3*AI18+'CORTE I '!$C$4*'CORTE III'!AJ18+'CORTE I '!$C$5*'CORTE III'!AK18+'CORTE I '!$C$6*'CORTE III'!AL18+'CORTE I '!$C$7*'CORTE III'!AM18,0) -> 0
A19: 8 | B19: ='CORTE I '!B19 -> 0 | C19: ='CORTE I '!C19 -> 0 | D19: =+'CORTE I '!D19 -> 0 | Z19: =IF(D19>0,IF(ISERROR(AVERAGE(E19:G19)),0,AVERAGE(E19:G19)),"") | AA19: =IF(D19>0,IF(ISERROR(AVERAGE(H19:J19)),0,AVERAGE(H19:J19)),"") | AB19: =IF(D19>0,IF(ISERROR(AVERAGE(K19:M19)),0,AVERAGE(K19:M19)),"") | AC19: =IF(D19>0,IF(ISERROR(AVERAGE(N19:P19)),0,AVERAGE(N19:P19)),"") | AD19: =IF(D19>0,IF(ISERROR(AVERAGE(Q19:S19)),0,AVERAGE(Q19:S19)),"") | AE19: =IF(D19>0,IF(ISERROR(AVERAGE(T19:V19)),0,AVERAGE(T19:V19)),"") | AF19: =IF(D19>0,IF(ISERROR(AVERAGE(W19:X19)),0,AVERAGE(W19:X19)),"") | AG19: =IF(D19>0,Z19*$X$1+AA19*$X$2+AB19*$X$3+AC19*$X$4+AD19*$X$5+AE19*$X$6+AF19*$X$7,"") | AI19: =+'CORTE I '!AH19 | AJ19: =+'CORTE II'!AG19 | AK19: =+'CORTE III'!AG19 | AO19: =IF('CORTE I '!D19>0,'CORTE I '!$C$3*AI19+'CORTE I '!$C$4*'CORTE III'!AJ19+'CORTE I '!$C$5*'CORTE III'!AK19+'CORTE I '!$C$6*'CORTE III'!AL19+'CORTE I '!$C$7*'CORTE III'!AM19,0) -> 0
A20: 9 | B20: ='CORTE I '!B20 -> 0 | C20: ='CORTE I '!C20 -> 0 | D20: =+'CORTE I '!D20 -> 0 | Z20: =IF(D20>0,IF(ISERROR(AVERAGE(E20:G20)),0,AVERAGE(E20:G20)),"") | AA20: =IF(D20>0,IF(ISERROR(AVERAGE(H20:J20)),0,AVERAGE(H20:J20)),"") | AB20: =IF(D20>0,IF(ISERROR(AVERAGE(K20:M20)),0,AVERAGE(K20:M20)),"") | AC20: =IF(D20>0,IF(ISERROR(AVERAGE(N20:P20)),0,AVERAGE(N20:P20)),"") | AD20: =IF(D20>0,IF(ISERROR(AVERAGE(Q20:S20)),0,AVERAGE(Q20:S20)),"") | AE20: =IF(D20>0,IF(ISERROR(AVERAGE(T20:V20)),0,AVERAGE(T20:V20)),"") | AF20: =IF(D20>0,IF(ISERROR(AVERAGE(W20:X20)),0,AVERAGE(W20:X20)),"") | AG20: =IF(D20>0,Z20*$X$1+AA20*$X$2+AB20*$X$3+AC20*$X$4+AD20*$X$5+AE20*$X$6+AF20*$X$7,"") | AI20: =+'CORTE I '!AH20 | AJ20: =+'CORTE II'!AG20 | AK20: =+'CORTE III'!AG20 | AO20: =IF('CORTE I '!D20>0,'CORTE I '!$C$3*AI20+'CORTE I '!$C$4*'CORTE III'!AJ20+'CORTE I '!$C$5*'CORTE III'!AK20+'CORTE I '!$C$6*'CORTE III'!AL20+'CORTE I '!$C$7*'CORTE III'!AM20,0) -> 0
A21: 10 | B21: ='CORTE I '!B21 -> 0 | C21: ='CORTE I '!C21 -> 0 | D21: =+'CORTE I '!D21 -> 0 | Z21: =IF(D21>0,IF(ISERROR(AVERAGE(E21:G21)),0,AVERAGE(E21:G21)),"") | AA21: =IF(D21>0,IF(ISERROR(AVERAGE(H21:J21)),0,AVERAGE(H21:J21)),"") | AB21: =IF(D21>0,IF(ISERROR(AVERAGE(K21:M21)),0,AVERAGE(K21:M21)),"") | AC21: =IF(D21>0,IF(ISERROR(AVERAGE(N21:P21)),0,AVERAGE(N21:P21)),"") | AD21: =IF(D21>0,IF(ISERROR(AVERAGE(Q21:S21)),0,AVERAGE(Q21:S21)),"") | AE21: =IF(D21>0,IF(ISERROR(AVERAGE(T21:V21)),0,AVERAGE(T21:V21)),"") | AF21: =IF(D21>0,IF(ISERROR(AVERAGE(W21:X21)),0,AVERAGE(W21:X21)),"") | AG21: =IF(D21>0,Z21*$X$1+AA21*$X$2+AB21*$X$3+AC21*$X$4+AD21*$X$5+AE21*$X$6+AF21*$X$7,"") | AI21: =+'CORTE I '!AH21 | AJ21: =+'CORTE II'!AG21 | AK21: =+'CORTE III'!AG21 | AO21: =IF('CORTE I '!D21>0,'CORTE I '!$C$3*AI21+'CORTE I '!$C$4*'CORTE III'!AJ21+'CORTE I '!$C$5*'CORTE III'!AK21+'CORTE I '!$C$6*'CORTE III'!AL21+'CORTE I '!$C$7*'CORTE III'!AM21,0) -> 0
A22: 11 | B22: ='CORTE I '!B22 -> 0 | C22: ='CORTE I '!C22 -> 0 | D22: =+'CORTE I '!D22 -> 0 | Z22: =IF(D22>0,IF(ISERROR(AVERAGE(E22:G22)),0,AVERAGE(E22:G22)),"") | AA22: =IF(D22>0,IF(ISERROR(AVERAGE(H22:J22)),0,AVERAGE(H22:J22)),"") | AB22: =IF(D22>0,IF(ISERROR(AVERAGE(K22:M22)),0,AVERAGE(K22:M22)),"") | AC22: =IF(D22>0,IF(ISERROR(AVERAGE(N22:P22)),0,AVERAGE(N22:P22)),"") | AD22: =IF(D22>0,IF(ISERROR(AVERAGE(Q22:S22)),0,AVERAGE(Q22:S22)),"") | AE22: =IF(D22>0,IF(ISERROR(AVERAGE(T22:V22)),0,AVERAGE(T22:V22)),"") | AF22: =IF(D22>0,IF(ISERROR(AVERAGE(W22:X22)),0,AVERAGE(W22:X22)),"") | AG22: =IF(D22>0,Z22*$X$1+AA22*$X$2+AB22*$X$3+AC22*$X$4+AD22*$X$5+AE22*$X$6+AF22*$X$7,"") | AI22: =+'CORTE I '!AH22 | AJ22: =+'CORTE II'!AG22 | AK22: =+'CORTE III'!AG22 | AO22: =IF('CORTE I '!D22>0,'CORTE I '!$C$3*AI22+'CORTE I '!$C$4*'CORTE III'!AJ22+'CORTE I '!$C$5*'CORTE III'!AK22+'CORTE I '!$C$6*'CORTE III'!AL22+'CORTE I '!$C$7*'CORTE III'!AM22,0) -> 0
A23: 12 | B23: ='CORTE I '!B23 -> 0 | C23: ='CORTE I '!C23 -> 0 | D23: =+'CORTE I '!D23 -> 0 | Z23: =IF(D23>0,IF(ISERROR(AVERAGE(E23:G23)),0,AVERAGE(E23:G23)),"") | AA23: =IF(D23>0,IF(ISERROR(AVERAGE(H23:J23)),0,AVERAGE(H23:J23)),"") | AB23: =IF(D23>0,IF(ISERROR(AVERAGE(K23:M23)),0,AVERAGE(K23:M23)),"") | AC23: =IF(D23>0,IF(ISERROR(AVERAGE(N23:P23)),0,AVERAGE(N23:P23)),"") | AD23: =IF(D23>0,IF(ISERROR(AVERAGE(Q23:S23)),0,AVERAGE(Q23:S23)),"") | AE23: =IF(D23>0,IF(ISERROR(AVERAGE(T23:V23)),0,AVERAGE(T23:V23)),"") | AF23: =IF(D23>0,IF(ISERROR(AVERAGE(W23:X23)),0,AVERAGE(W23:X23)),"") | AG23: =IF(D23>0,Z23*$X$1+AA23*$X$2+AB23*$X$3+AC23*$X$4+AD23*$X$5+AE23*$X$6+AF23*$X$7,"") | AI23: =+'CORTE I '!AH23 | AJ23: =+'CORTE II'!AG23 | AK23: =+'CORTE III'!AG23 | AO23: =IF('CORTE I '!D23>0,'CORTE I '!$C$3*AI23+'CORTE I '!$C$4*'CORTE III'!AJ23+'CORTE I '!$C$5*'CORTE III'!AK23+'CORTE I '!$C$6*'CORTE III'!AL23+'CORTE I '!$C$7*'CORTE III'!AM23,0) -> 0
A24: 13 | B24: ='CORTE I '!B24 -> 0 | C24: ='CORTE I '!C24 -> 0 | D24: =+'CORTE I '!D24 -> 0 | Z24: =IF(D24>0,IF(ISERROR(AVERAGE(E24:G24)),0,AVERAGE(E24:G24)),"") | AA24: =IF(D24>0,IF(ISERROR(AVERAGE(H24:J24)),0,AVERAGE(H24:J24)),"") | AB24: =IF(D24>0,IF(ISERROR(AVERAGE(K24:M24)),0,AVERAGE(K24:M24)),"") | AC24: =IF(D24>0,IF(ISERROR(AVERAGE(N24:P24)),0,AVERAGE(N24:P24)),"") | AD24: =IF(D24>0,IF(ISERROR(AVERAGE(Q24:S24)),0,AVERAGE(Q24:S24)),"") | AE24: =IF(D24>0,IF(ISERROR(AVERAGE(T24:V24)),0,AVERAGE(T24:V24)),"") | AF24: =IF(D24>0,IF(ISERROR(AVERAGE(W24:X24)),0,AVERAGE(W24:X24)),"") | AG24: =IF(D24>0,Z24*$X$1+AA24*$X$2+AB24*$X$3+AC24*$X$4+AD24*$X$5+AE24*$X$6+AF24*$X$7,"") | AI24: =+'CORTE I '!AH24 | AJ24: =+'CORTE II'!AG24 | AK24: =+'CORTE III'!AG24 | AO24: =IF('CORTE I '!D24>0,'CORTE I '!$C$3*AI24+'CORTE I '!$C$4*'CORTE III'!AJ24+'CORTE I '!$C$5*'CORTE III'!AK24+'CORTE I '!$C$6*'CORTE III'!AL24+'CORTE I '!$C$7*'CORTE III'!AM24,0) -> 0
... A64: 53 | B64: ='CORTE I '!B64 -> 0 | C64: ='CORTE I '!C64 -> 0 | D64: =+'CORTE I '!D64 -> 0 | Z64: =IF(D64>0,IF(ISERROR(AVERAGE(E64:G64)),0,AVERAGE(E64:G64)),"") | AA64: =IF(D64>0,IF(ISERROR(AVERAGE(H64:J64)),0,AVERAGE(H64:J64)),"") | AB64: =IF(D64>0,IF(ISERROR(AVERAGE(K64:M64)),0,AVERAGE(K64:M64)),"") | AC64: =IF(D64>0,IF(ISERROR(AVERAGE(N64:P64)),0,AVERAGE(N64:P64)),"") | AD64: =IF(D64>0,IF(ISERROR(AVERAGE(Q64:S64)),0,AVERAGE(Q64:S64)),"") | AE64: =IF(D64>0,IF(ISERROR(AVERAGE(T64:V64)),0,AVERAGE(T64:V64)),"") | AF64: =IF(D64>0,IF(ISERROR(AVERAGE(W64:X64)),0,AVERAGE(W64:X64)),"") | AG64: =IF(D64>0,Z64*$X$1+AA64*$X$2+AB64*$X$3+AC64*$X$4+AD64*$X$5+AE64*$X$6+AF64*$X$7,"") | AI64: =+'CORTE I '!AH64 | AJ64: =+'CORTE II'!AG64 | AK64: =+'CORTE III'!AG64 | AO64: =IF('CORTE I '!D64>0,'CORTE I '!$C$3*AI64+'CORTE I '!$C$4*'CORTE III'!AJ64+'CORTE I '!$C$5*'CORTE III'!AK64+'CORTE I '!$C$6*'CORTE III'!AL64+'CORTE I '!$C$7*'CORTE III'!AM64,0) -> 0
AG65: =Z65*$X$1+AA65*$X$2+AB65*$X$3+AC65*$X$4+AD65*$X$5+AE65*$X$6+AF65*$X$7 -> 0

Sheet Hoja1
